{"cameraMode":{"drawMode":0,"name":"Shaded","section":"Shading Mode"},"sceneLighting":false,"audioPlay":false,"sceneViewState":{"showFog":true,"showMaterialUpdate":false,"showSkybox":true,"showFlares":true,"showImageEffects":true,"showParticleSystems":true},"in2DMode":false,"pivot":{"x":7.9114155769348148,"y":2.4774303436279299,"z":7.087757587432861},"rotation":{"x":0.6276699304580689,"y":-0.05242945998907089,"z":0.04243222996592522,"w":0.7755515575408936},"size":21.782352447509767,"orthographic":false}