{"cameraMode":{"drawMode":0,"name":"Shaded","section":"Shading Mode"},"sceneLighting":true,"audioPlay":false,"sceneViewState":{"showFog":true,"showMaterialUpdate":false,"showSkybox":true,"showFlares":true,"showImageEffects":true,"showParticleSystems":true},"in2DMode":false,"pivot":{"x":-7.737678527832031,"y":1.9526947736740113,"z":15.466760635375977},"rotation":{"x":0.19539909064769746,"y":0.6568959355354309,"z":-0.18200689554214478,"w":0.705132782459259},"size":3.3601672649383547,"orthographic":false}