{"cameraMode":{"drawMode":0,"name":"Shaded","section":"Shading Mode"},"sceneLighting":true,"audioPlay":false,"sceneViewState":{"showFog":true,"showMaterialUpdate":false,"showSkybox":true,"showFlares":true,"showImageEffects":true,"showParticleSystems":true},"in2DMode":false,"pivot":{"x":14.862528800964356,"y":-3.697385311126709,"z":7.505974769592285},"rotation":{"x":-0.1487448513507843,"y":-0.5968976020812988,"z":0.1138043999671936,"w":-0.7801612615585327},"size":21.162988662719728,"orthographic":false}