{"cameraMode":{"drawMode":0,"name":"Shaded","section":"Shading Mode"},"sceneLighting":false,"audioPlay":false,"sceneViewState":{"showFog":true,"showMaterialUpdate":false,"showSkybox":false,"showFlares":true,"showImageEffects":true,"showParticleSystems":true},"in2DMode":false,"pivot":{"x":-12.182146072387696,"y":0.14403201639652253,"z":13.008169174194336},"rotation":{"x":-0.023715000599622728,"y":0.9615137577056885,"z":-0.25928372144699099,"w":-0.08793660253286362},"size":1.5344157218933106,"orthographic":false}