{"cameraMode":{"drawMode":0,"name":"Shaded","section":"Shading Mode"},"sceneLighting":true,"audioPlay":false,"sceneViewState":{"showFog":true,"showMaterialUpdate":false,"showSkybox":true,"showFlares":true,"showImageEffects":true,"showParticleSystems":true},"in2DMode":false,"pivot":{"x":4.0481038093566898,"y":-5.5684709548950199,"z":4.741697311401367},"rotation":{"x":0.02685363218188286,"y":-0.9257744550704956,"z":0.3711749017238617,"w":0.06704968214035034},"size":24.96222496032715,"orthographic":false}