{"cameraMode":{"drawMode":0,"name":"Shaded","section":"Shading Mode"},"sceneLighting":true,"audioPlay":false,"sceneViewState":{"showFog":true,"showMaterialUpdate":false,"showSkybox":true,"showFlares":true,"showImageEffects":true,"showParticleSystems":true},"in2DMode":false,"pivot":{"x":-24.07133674621582,"y":1.4737223386764527,"z":-32.924556732177737},"rotation":{"x":0.18837177753448487,"y":0.7914986610412598,"z":0.29899945855140688,"w":-0.4986562132835388},"size":0.5052108764648438,"orthographic":false}