{"cameraMode":{"drawMode":0,"name":"Shaded","section":"Shading Mode"},"sceneLighting":false,"audioPlay":false,"sceneViewState":{"showFog":true,"showMaterialUpdate":false,"showSkybox":false,"showFlares":true,"showImageEffects":true,"showParticleSystems":true},"in2DMode":false,"pivot":{"x":-12.61272144317627,"y":4.3057050704956059,"z":-9.375179290771485},"rotation":{"x":0.4830343425273895,"y":0.32974061369895937,"z":-0.20281609892845155,"w":0.7853936553001404},"size":3.381547689437866,"orthographic":false}